{
  "Q1": {
    "count": 178,
    "qwen_rag": {
      "chars": {
        "mean": 1195.2808988764045,
        "median": 1232.0,
        "min": 480,
        "max": 1447,
        "std": 161.08754603070068
      },
      "tokens": {
        "mean": 180.1123595505618,
        "median": 185.0,
        "min": 72,
        "max": 225,
        "std": 26.18877070015405
      }
    },
    "openai": {
      "chars": {
        "mean": 524.314606741573,
        "median": 526.0,
        "min": 409,
        "max": 602,
        "std": 50.15954106098852
      },
      "tokens": {
        "mean": 80.52247191011236,
        "median": 81.0,
        "min": 62,
        "max": 100,
        "std": 8.240183378039974
      }
    },
    "ratios": {
      "chars": {
        "mean": 2.302202152189947,
        "median": 2.342459374977441,
        "min": 0.7973421926910299,
        "max": 3.171806167400881
      },
      "tokens": {
        "mean": 2.2587530210483706,
        "median": 2.2955840455840457,
        "min": 0.8,
        "max": 3.3088235294117645
      }
    }
  },
  "Q2": {
    "count": 178,
    "qwen_rag": {
      "chars": {
        "mean": 1516.4943820224719,
        "median": 1568.0,
        "min": 440,
        "max": 2458,
        "std": 449.3576488482526
      },
      "tokens": {
        "mean": 232.80898876404495,
        "median": 245.5,
        "min": 63,
        "max": 385,
        "std": 70.41545419815225
      }
    },
    "openai": {
      "chars": {
        "mean": 118.69662921348315,
        "median": 94.0,
        "min": 80,
        "max": 1175,
        "std": 106.36308187671942
      },
      "tokens": {
        "mean": 18.196629213483146,
        "median": 15.0,
        "min": 9,
        "max": 155,
        "std": 14.865141033711591
      }
    },
    "ratios": {
      "chars": {
        "mean": 14.67028748286093,
        "median": 15.27557192478141,
        "min": 2.020425531914894,
        "max": 26.435294117647057
      },
      "tokens": {
        "mean": 14.473937478280954,
        "median": 15.06904761904762,
        "min": 2.238709677419355,
        "max": 35.0
      }
    }
  },
  "Q3": {
    "count": 178,
    "qwen_rag": {
      "chars": {
        "mean": 2090.0842696629215,
        "median": 2155.5,
        "min": 409,
        "max": 2803,
        "std": 350.25727215906744
      },
      "tokens": {
        "mean": 311.8258426966292,
        "median": 322.5,
        "min": 63,
        "max": 400,
        "std": 55.53019238427869
      }
    },
    "openai": {
      "chars": {
        "mean": 609.314606741573,
        "median": 589.0,
        "min": 83,
        "max": 1868,
        "std": 332.5860016386779
      },
      "tokens": {
        "mean": 92.80337078651685,
        "median": 90.0,
        "min": 14,
        "max": 297,
        "std": 49.80368908224293
      }
    },
    "ratios": {
      "chars": {
        "mean": 5.219756366510423,
        "median": 3.5998609647878763,
        "min": 1.0770962296004503,
        "max": 27.650602409638555
      },
      "tokens": {
        "mean": 4.999952171046377,
        "median": 3.456060606060606,
        "min": 1.0843373493975903,
        "max": 24.714285714285715
      }
    }
  },
  "Q4": {
    "count": 178,
    "qwen_rag": {
      "chars": {
        "mean": 2152.3314606741574,
        "median": 2229.0,
        "min": 791,
        "max": 2942,
        "std": 347.48695414133084
      },
      "tokens": {
        "mean": 316.6741573033708,
        "median": 331.5,
        "min": 112,
        "max": 419,
        "std": 56.97422854424976
      }
    },
    "openai": {
      "chars": {
        "mean": 836.5955056179776,
        "median": 801.5,
        "min": 191,
        "max": 2251,
        "std": 350.6289496300462
      },
      "tokens": {
        "mean": 125.29775280898876,
        "median": 117.5,
        "min": 27,
        "max": 326,
        "std": 51.99343825945969
      }
    },
    "ratios": {
      "chars": {
        "mean": 3.077145611739723,
        "median": 2.685567667575068,
        "min": 0.9609062638827188,
        "max": 10.159362549800797
      },
      "tokens": {
        "mean": 3.000055912708662,
        "median": 2.620397357427378,
        "min": 0.9539877300613497,
        "max": 11.333333333333334
      }
    }
  },
  "Overall": {
    "count": 712,
    "qwen_rag": {
      "chars": {
        "mean": 1738.5477528089887,
        "median": 1808.0,
        "min": 409,
        "max": 2942,
        "std": 526.6523423470026
      },
      "tokens": {
        "mean": 260.3553370786517,
        "median": 270.0,
        "min": 63,
        "max": 419,
        "std": 78.99430358959388
      }
    },
    "openai": {
      "chars": {
        "mean": 522.2303370786517,
        "median": 510.5,
        "min": 80,
        "max": 2251,
        "std": 359.1556088534786
      },
      "tokens": {
        "mean": 79.20505617977528,
        "median": 79.0,
        "min": 9,
        "max": 326,
        "std": 53.59852399721828
      }
    },
    "ratios": {
      "chars": {
        "mean": 6.317347903325256,
        "median": 3.0641627355187713,
        "min": 0.7973421926910299,
        "max": 27.650602409638555
      },
      "tokens": {
        "mean": 6.183174645771091,
        "median": 3.0214223575467596,
        "min": 0.8,
        "max": 35.0
      }
    }
  }
}