{
  "overall": {
    "precision": {
      "mean": -0.0004401113326596541,
      "median": 0.017323399893939495,
      "std": 0.1557022371205024,
      "min": -0.428684800863266,
      "max": 0.45509541034698486,
      "count": 712
    },
    "recall": {
      "mean": 0.3109528044197156,
      "median": 0.2990741431713104,
      "std": 0.13306081045419463,
      "min": -0.155595600605011,
      "max": 0.7894152402877808,
      "count": 712
    },
    "f1": {
      "mean": 0.1319368198261615,
      "median": 0.1397203505039215,
      "std": 0.12181742953322261,
      "min": -0.21819505095481873,
      "max": 0.46629759669303894,
      "count": 712
    }
  },
  "per_question_type": {
    "Q1": {
      "count": 178,
      "mean_precision": 0.11960478882459673,
      "mean_recall": 0.361112863536966,
      "mean_f1": 0.23054493747107432,
      "median_f1": 0.22596485912799835,
      "std_f1": 0.10661334113096413
    },
    "Q2": {
      "count": 178,
      "mean_precision": -0.18152350287235688,
      "mean_recall": 0.3441690258123242,
      "mean_f1": 0.020342845522688724,
      "median_f1": 0.008702929597347975,
      "std_f1": 0.0983717496756949
    },
    "Q3": {
      "count": 178,
      "mean_precision": 0.003696056365380796,
      "mean_recall": 0.27542480770132266,
      "mean_f1": 0.12440677117582494,
      "median_f1": 0.1453518643975258,
      "std_f1": 0.09631658304899339
    },
    "Q4": {
      "count": 178,
      "mean_precision": 0.05646221235174074,
      "mean_recall": 0.26310452062824974,
      "mean_f1": 0.1524527251350581,
      "median_f1": 0.15478230267763138,
      "std_f1": 0.08066474222366055
    }
  },
  "per_compound": {
    "100_Nicotine": {
      "mean_f1": 0.16474580857902765,
      "count": 4
    },
    "101_Nitric_Acid": {
      "mean_f1": 0.13465630542486906,
      "count": 4
    },
    "102_Nitric_Oxide": {
      "mean_f1": 0.10994699015282094,
      "count": 4
    },
    "103_Nitrogen_Dioxide": {
      "mean_f1": 0.24100076034665108,
      "count": 4
    },
    "104_Nitroglycerin": {
      "mean_f1": 0.12126875296235085,
      "count": 4
    },
    "105_Nitrous_Oxide": {
      "mean_f1": 0.16633610799908638,
      "count": 4
    },
    "106_NN-Diethyl-3-Methylbenzamide": {
      "mean_f1": 0.10383527539670467,
      "count": 4
    },
    "107_Nylon_6_and_Nylon_66": {
      "mean_f1": 0.14959916565567255,
      "count": 4
    },
    "108_Oxalic_Acid": {
      "mean_f1": 0.10992397461086512,
      "count": 4
    },
    "109_Pectin": {
      "mean_f1": 0.22610094025731087,
      "count": 4
    },
    "10_Aluminum_Hydroxide": {
      "mean_f1": 0.1840270645916462,
      "count": 4
    },
    "110_Penicillin": {
      "mean_f1": 0.13731741905212402,
      "count": 4
    },
    "111_Perchlorates": {
      "mean_f1": 0.13547562714666128,
      "count": 4
    },
    "112_Petrolatum": {
      "mean_f1": 0.1389868762344122,
      "count": 4
    },
    "113_Petroleum": {
      "mean_f1": 0.22333655506372452,
      "count": 4
    },
    "114_Phenol": {
      "mean_f1": 0.0825018547475338,
      "count": 4
    },
    "115_Phosphoric_Acid": {
      "mean_f1": 0.06823734100908041,
      "count": 4
    },
    "116_Polycarbonates": {
      "mean_f1": 0.14273511245846748,
      "count": 4
    },
    "117_Polyethylene": {
      "mean_f1": 0.1342789065092802,
      "count": 4
    },
    "118_Polymethyl_Methacrylate": {
      "mean_f1": 0.17062657698988914,
      "count": 4
    },
    "119_Polypropylene": {
      "mean_f1": 0.2084708847105503,
      "count": 4
    },
    "11_Aluminum_Oxide": {
      "mean_f1": 0.21276934258639812,
      "count": 4
    },
    "120_Polysiloxane": {
      "mean_f1": 0.15356124751269817,
      "count": 4
    },
    "121_PolyStyrene-Butadiene-Styrene": {
      "mean_f1": 0.18681779131293297,
      "count": 4
    },
    "122_Polystyrene": {
      "mean_f1": 0.12160273967310786,
      "count": 4
    },
    "123_Polytetrafluoroethylene": {
      "mean_f1": 0.2055887021124363,
      "count": 4
    },
    "124_Polyurethane": {
      "mean_f1": 0.120072390884161,
      "count": 4
    },
    "125_Polyvinyl_Chloride": {
      "mean_f1": 0.05940867029130459,
      "count": 4
    },
    "126_Potassium_Bicarbonate": {
      "mean_f1": 0.09147983510047197,
      "count": 4
    },
    "127_Potassium_Bisulfate": {
      "mean_f1": 0.06537376623600721,
      "count": 4
    },
    "128_Potassium_Bitartrate": {
      "mean_f1": 0.12743411678820848,
      "count": 4
    },
    "129_Potassium_Carbonate": {
      "mean_f1": 0.1619020550569985,
      "count": 4
    },
    "12_Aluminum_Potassium_Sulfate": {
      "mean_f1": 0.12991948053240776,
      "count": 4
    },
    "130_Potassium_Chloride": {
      "mean_f1": 0.10778780095279217,
      "count": 4
    },
    "131_Potassium_Fluoride": {
      "mean_f1": 0.15814091265201569,
      "count": 4
    },
    "132_Potassium_Hydroxide": {
      "mean_f1": 0.14991882722824812,
      "count": 4
    },
    "133_Potassium_Iodide": {
      "mean_f1": 0.13269495777785778,
      "count": 4
    },
    "134_Potassium_Nitrate": {
      "mean_f1": 0.18248643353581429,
      "count": 4
    },
    "135_Potassium_Sulfate": {
      "mean_f1": 0.024237099569290876,
      "count": 4
    },
    "136_Propane": {
      "mean_f1": 0.0560333919711411,
      "count": 4
    },
    "137_Propylene": {
      "mean_f1": 0.1932609248906374,
      "count": 4
    },
    "138_Pyridoxine": {
      "mean_f1": 0.11026274971663952,
      "count": 4
    },
    "139_Retinol": {
      "mean_f1": 0.1428089737892151,
      "count": 4
    },
    "13_Ammonia": {
      "mean_f1": 0.17053135856986046,
      "count": 4
    },
    "140_Riboflavin": {
      "mean_f1": 0.20196247287094593,
      "count": 4
    },
    "141_Saccharin": {
      "mean_f1": 0.12859921948984265,
      "count": 4
    },
    "142_Silicon_Dioxide": {
      "mean_f1": 0.09886156278662384,
      "count": 4
    },
    "143_Silver_Iodide": {
      "mean_f1": 0.07293144194409251,
      "count": 4
    },
    "144_Silver_Nitrate": {
      "mean_f1": 0.041451675817370415,
      "count": 4
    },
    "145_SilverI_Oxide": {
      "mean_f1": 0.09276127815246582,
      "count": 4
    },
    "146_SilverI_Sulfide": {
      "mean_f1": 0.07316639513010159,
      "count": 4
    },
    "147_Sodium_Acetate": {
      "mean_f1": 0.11510791257023811,
      "count": 4
    },
    "148_Sodium_Bicarbonate": {
      "mean_f1": 0.2279704175889492,
      "count": 4
    },
    "149_Sodium_Carbonate": {
      "mean_f1": 0.14987151138484478,
      "count": 4
    },
    "14_Ammonium_Chloride": {
      "mean_f1": 0.12486908072605729,
      "count": 4
    },
    "150_Sodium_Chloride": {
      "mean_f1": 0.17740469798445702,
      "count": 4
    },
    "151_Sodium_Cyclamate": {
      "mean_f1": 0.033790623769164085,
      "count": 4
    },
    "152_Sodium_Fluoride": {
      "mean_f1": 0.1008044146001339,
      "count": 4
    },
    "153_Sodium_Hydroxide": {
      "mean_f1": 0.12176634946081322,
      "count": 4
    },
    "154_Sodium_Hypochlorite": {
      "mean_f1": 0.11756335198879242,
      "count": 4
    },
    "155_Sodium_Perborate": {
      "mean_f1": 0.15560583025217056,
      "count": 4
    },
    "156_Sodium_Phosphate": {
      "mean_f1": 0.08890571561641991,
      "count": 4
    },
    "157_Sodium_Polyacrylate": {
      "mean_f1": 0.06513417046517134,
      "count": 4
    },
    "158_Sodium_Silicate": {
      "mean_f1": 0.14826231077313423,
      "count": 4
    },
    "159_Sodium_Sulfite": {
      "mean_f1": 0.043744889087975025,
      "count": 4
    },
    "15_Ammonium_Hydroxide": {
      "mean_f1": 0.07531243225093931,
      "count": 4
    },
    "160_Sodium_Tetraborate": {
      "mean_f1": 0.08582959603518248,
      "count": 4
    },
    "161_Sodium_Thiosulfate": {
      "mean_f1": 0.15846475772559643,
      "count": 4
    },
    "162_Stannous_Fluoride": {
      "mean_f1": 0.18012062460184097,
      "count": 4
    },
    "163_Styrene": {
      "mean_f1": 0.12302447389811277,