{
  "overall": {
    "precision": {
      "mean": 0.13016758914702142,
      "median": 0.11083691567182541,
      "std": 0.1706072157744547,
      "min": -0.32546716928482056,
      "max": 0.9556905031204224,
      "count": 712
    },
    "recall": {
      "mean": 0.31551852885547377,
      "median": 0.3065855801105499,
      "std": 0.1380080954352505,
      "min": -0.08725381642580032,
      "max": 0.931537926197052,
      "count": 712
    },
    "f1": {
      "mean": 0.2148039381025003,
      "median": 0.18688079714775085,
      "std": 0.13977204947983357,
      "min": -0.12265965342521667,
      "max": 0.9357403516769409,
      "count": 712
    }
  },
  "per_question_type": {
    "Q1": {
      "count": 178,
      "mean_precision": 0.2752987782057542,
      "mean_recall": 0.358890380626649,
      "mean_f1": 0.3170873769558966,
      "median_f1": 0.32466545701026917,
      "std_f1": 0.14405618808155876
    },
    "Q2": {
      "count": 178,
      "mean_precision": 0.03071223900655384,
      "mean_recall": 0.4079007039244255,
      "mean_f1": 0.19135480340612068,
      "median_f1": 0.13710003346204758,
      "std_f1": 0.1678225241481848
    },
    "Q3": {
      "count": 178,
      "mean_precision": 0.08573728461978432,
      "mean_recall": 0.2619168689537249,
      "mean_f1": 0.16949406099437705,
      "median_f1": 0.17445015907287598,
      "std_f1": 0.0950593844092143
    },
    "Q4": {
      "count": 178,
      "mean_precision": 0.12892205475599328,
      "mean_recall": 0.2333661619170956,
      "mean_f1": 0.18127951105360696,
      "median_f1": 0.1728040799498558,
      "std_f1": 0.07908448959854807
    }
  },
  "per_compound": {
    "100_Nicotine": {
      "mean_f1": 0.3675270266830921,
      "count": 4
    },
    "101_Nitric_Acid": {
      "mean_f1": 0.35184809006750584,
      "count": 4
    },
    "102_Nitric_Oxide": {
      "mean_f1": 0.148076880723238,
      "count": 4
    },
    "103_Nitrogen_Dioxide": {
      "mean_f1": 0.20859248749911785,
      "count": 4
    },
    "104_Nitroglycerin": {
      "mean_f1": 0.19086226634681225,
      "count": 4
    },
    "105_Nitrous_Oxide": {
      "mean_f1": 0.23985885828733444,
      "count": 4
    },
    "106_NN-Diethyl-3-Methylbenzamide": {
      "mean_f1": 0.10398097150027752,
      "count": 4
    },
    "107_Nylon_6_and_Nylon_66": {
      "mean_f1": 0.12862776033580303,
      "count": 4
    },
    "108_Oxalic_Acid": {
      "mean_f1": 0.25433711614459753,
      "count": 4
    },
    "109_Pectin": {
      "mean_f1": 0.24711471609771252,
      "count": 4
    },
    "10_Aluminum_Hydroxide": {
      "mean_f1": 0.29522088542580605,
      "count": 4
    },
    "110_Penicillin": {
      "mean_f1": 0.1785500980913639,
      "count": 4
    },
    "111_Perchlorates": {
      "mean_f1": 0.3295352831482887,
      "count": 4
    },
    "112_Petrolatum": {
      "mean_f1": 0.2686242647469044,
      "count": 4
    },
    "113_Petroleum": {
      "mean_f1": 0.30109887197613716,
      "count": 4
    },
    "114_Phenol": {
      "mean_f1": 0.16841085627675056,
      "count": 4
    },
    "115_Phosphoric_Acid": {
      "mean_f1": 0.11355917435139418,
      "count": 4
    },
    "116_Polycarbonates": {
      "mean_f1": 0.18880398198962212,
      "count": 4
    },
    "117_Polyethylene": {
      "mean_f1": 0.2405945099890232,
      "count": 4
    },
    "118_Polymethyl_Methacrylate": {
      "mean_f1": 0.2644401676952839,
      "count": 4
    },
    "119_Polypropylene": {
      "mean_f1": 0.3104627914726734,
      "count": 4
    },
    "11_Aluminum_Oxide": {
      "mean_f1": 0.20376616902649403,
      "count": 4
    },
    "120_Polysiloxane": {
      "mean_f1": 0.21088889054954052,
      "count": 4
    },
    "121_PolyStyrene-Butadiene-Styrene": {
      "mean_f1": 0.24522157479077578,
      "count": 4
    },
    "122_Polystyrene": {
      "mean_f1": 0.15037943050265312,
      "count": 4
    },
    "123_Polytetrafluoroethylene": {
      "mean_f1": 0.28529631718993187,
      "count": 4
    },
    "124_Polyurethane": {
      "mean_f1": 0.10403130017220974,
      "count": 4
    },
    "125_Polyvinyl_Chloride": {
      "mean_f1": 0.1485091857612133,
      "count": 4
    },
    "126_Potassium_Bicarbonate": {
      "mean_f1": 0.1601847279816866,
      "count": 4
    },
    "127_Potassium_Bisulfate": {
      "mean_f1": 0.2935781329870224,
      "count": 4
    },
    "128_Potassium_Bitartrate": {
      "mean_f1": 0.1954472092911601,
      "count": 4
    },
    "129_Potassium_Carbonate": {
      "mean_f1": 0.2158855888992548,
      "count": 4
    },
    "12_Aluminum_Potassium_Sulfate": {
      "mean_f1": 0.22370768897235394,
      "count": 4
    },
    "130_Potassium_Chloride": {
      "mean_f1": 0.12188854449777864,
      "count": 4
    },
    "131_Potassium_Fluoride": {
      "mean_f1": 0.17557362475781702,
      "count": 4
    },
    "132_Potassium_Hydroxide": {
      "mean_f1": 0.20434232242405415,
      "count": 4
    },
    "133_Potassium_Iodide": {
      "mean_f1": 0.1880042338743806,
      "count": 4
    },
    "134_Potassium_Nitrate": {
      "mean_f1": 0.2631504088640213,
      "count": 4
    },
    "135_Potassium_Sulfate": {
      "mean_f1": 0.10769461188465357,
      "count": 4
    },
    "136_Propane": {
      "mean_f1": 0.1715826913714409,
      "count": 4
    },
    "137_Propylene": {
      "mean_f1": 0.3920409381389618,
      "count": 4
    },
    "138_Pyridoxine": {
      "mean_f1": 0.1752409255132079,
      "count": 4
    },
    "139_Retinol": {
      "mean_f1": 0.19549022801220417,
      "count": 4
    },
    "13_Ammonia": {
      "mean_f1": 0.29609938338398933,
      "count": 4
    },
    "140_Riboflavin": {
      "mean_f1": 0.24533437192440033,
      "count": 4
    },
    "141_Saccharin": {
      "mean_f1": 0.33064714446663857,
      "count": 4
    },
    "142_Silicon_Dioxide": {
      "mean_f1": 0.289857542142272,
      "count": 4
    },
    "143_Silver_Iodide": {
      "mean_f1": 0.1892604324966669,
      "count": 4
    },
    "144_Silver_Nitrate": {
      "mean_f1": 0.16319404728710651,
      "count": 4
    },
    "145_SilverI_Oxide": {
      "mean_f1": 0.09193144692108035,
      "count": 4
    },
    "146_SilverI_Sulfide": {
      "mean_f1": 0.2176026739180088,
      "count": 4
    },
    "147_Sodium_Acetate": {
      "mean_f1": 0.16873445734381676,
      "count": 4
    },
    "148_Sodium_Bicarbonate": {
      "mean_f1": 0.26317198574543,
      "count": 4
    },
    "149_Sodium_Carbonate": {
      "mean_f1": 0.1852953676134348,
      "count": 4
    },
    "14_Ammonium_Chloride": {
      "mean_f1": 0.2469318751245737,
      "count": 4
    },
    "150_Sodium_Chloride": {
      "mean_f1": 0.15465583838522434,
      "count": 4
    },
    "151_Sodium_Cyclamate": {
      "mean_f1": 0.2390626072883606,
      "count": 4
    },
    "152_Sodium_Fluoride": {
      "mean_f1": 0.2259213455254212,
      "count": 4
    },
    "153_Sodium_Hydroxide": {
      "mean_f1": 0.2987450771033764,
      "count": 4
    },
    "154_Sodium_Hypochlorite": {
      "mean_f1": 0.27112502604722977,
      "count": 4
    },
    "155_Sodium_Perborate": {
      "mean_f1": 0.19294399116188288,
      "count": 4
    },
    "156_Sodium_Phosphate": {
      "mean_f1": 0.1726490743458271,
      "count": 4
    },
    "157_Sodium_Polyacrylate": {
      "mean_f1": 0.14633279293775558,
      "count": 4
    },
    "158_Sodium_Silicate": {
      "mean_f1": 0.170032967813313,
      "count": 4
    },
    "159_Sodium_Sulfite": {
      "mean_f1": 0.18477626703679562,
      "count": 4
    },
    "15_Ammonium_Hydroxide": {
      "mean_f1": 0.16078205220401287,
      "count": 4
    },
    "160_Sodium_Tetraborate": {
      "mean_f1": 0.17261259630322456,
      "count": 4
    },
    "161_Sodium_Thiosulfate": {
      "mean_f1": 0.28227679058909416,
      "count": 4
    },
    "162_Stannous_Fluoride": {
      "mean_f1": 0.22204843163490295,
      "count": 4
    },
    "163_Styrene": {
      "mean_f1": 0.19305657595396042,
      "count": 4
    },