{
  "overall": {
    "bleu_1": {
      "mean": 0.31263547431442895,
      "median": 0.3033008658008658,
      "std": 0.1344574073459966,
      "min": 0.0576923076923077,
      "max": 0.896551724137931,
      "count": 712
    },
    "bleu_2": {
      "mean": 0.19665982088432007,
      "median": 0.16917235778318773,
      "std": 0.11407062172878905,
      "min": 0.0074841131215283435,
      "max": 0.8517463570756172,
      "count": 712
    },
    "bleu_3": {
      "mean": 0.1344379020132542,
      "median": 0.10522697658641991,
      "std": 0.1038149010609865,
      "min": 0.004018783123603501,
      "max": 0.8181285743874264,
      "count": 712
    },
    "bleu_4": {
      "mean": 0.09074087562811069,
      "median": 0.06539396962707725,
      "std": 0.0931120866761744,
      "min": 0.0027154373369671493,
      "max": 0.7821558702951628,
      "count": 712
    }
  },
  "per_question_type": {
    "Q1": {
      "count": 178,
      "mean_bleu_4": 0.1754673260550174,
      "median_bleu_4": 0.16578468625341328,
      "std_bleu_4": 0.10158310560587291
    },
    "Q2": {
      "count": 178,
      "mean_bleu_4": 0.06970762917915203,
      "median_bleu_4": 0.024497700507909538,
      "std_bleu_4": 0.10610045499362612
    },
    "Q3": {
      "count": 178,
      "mean_bleu_4": 0.061972887977595516,
      "median_bleu_4": 0.05595298790198058,
      "std_bleu_4": 0.043500055638458865
    },
    "Q4": {
      "count": 178,
      "mean_bleu_4": 0.0558156593006778,
      "median_bleu_4": 0.049092221367044844,
      "std_bleu_4": 0.04043192697327448
    }
  },
  "per_compound": {
    "100_Nicotine": {
      "mean_bleu_4": 0.14648183388295274,
      "count": 4
    },
    "101_Nitric_Acid": {
      "mean_bleu_4": 0.16577003741743326,
      "count": 4
    },
    "102_Nitric_Oxide": {
      "mean_bleu_4": 0.07623285771282567,
      "count": 4
    },
    "103_Nitrogen_Dioxide": {
      "mean_bleu_4": 0.09977083396001213,
      "count": 4
    },
    "104_Nitroglycerin": {
      "mean_bleu_4": 0.06698361160295367,
      "count": 4
    },
    "105_Nitrous_Oxide": {
      "mean_bleu_4": 0.11126217991112264,
      "count": 4
    },
    "106_NN-Diethyl-3-Methylbenzamide": {
      "mean_bleu_4": 0.02226298655177985,
      "count": 4
    },
    "107_Nylon_6_and_Nylon_66": {
      "mean_bleu_4": 0.05266291585266698,
      "count": 4
    },
    "108_Oxalic_Acid": {
      "mean_bleu_4": 0.1179792337780248,
      "count": 4
    },
    "109_Pectin": {
      "mean_bleu_4": 0.09616724681785827,
      "count": 4
    },
    "10_Aluminum_Hydroxide": {
      "mean_bleu_4": 0.08938010737029316,
      "count": 4
    },
    "110_Penicillin": {
      "mean_bleu_4": 0.01583623983438619,
      "count": 4
    },
    "111_Perchlorates": {
      "mean_bleu_4": 0.1336342943017419,
      "count": 4
    },
    "112_Petrolatum": {
      "mean_bleu_4": 0.11037008598416706,
      "count": 4
    },
    "113_Petroleum": {
      "mean_bleu_4": 0.13385212552863837,
      "count": 4
    },
    "114_Phenol": {
      "mean_bleu_4": 0.06099418434464522,
      "count": 4
    },
    "115_Phosphoric_Acid": {
      "mean_bleu_4": 0.07388586590558277,
      "count": 4
    },
    "116_Polycarbonates": {
      "mean_bleu_4": 0.01499248781998294,
      "count": 4
    },
    "117_Polyethylene": {
      "mean_bleu_4": 0.09530149445554208,
      "count": 4
    },
    "118_Polymethyl_Methacrylate": {
      "mean_bleu_4": 0.11823895330264825,
      "count": 4
    },
    "119_Polypropylene": {
      "mean_bleu_4": 0.09728444002826227,
      "count": 4
    },
    "11_Aluminum_Oxide": {
      "mean_bleu_4": 0.11617050735127805,
      "count": 4
    },
    "120_Polysiloxane": {
      "mean_bleu_4": 0.04986494622255018,
      "count": 4
    },
    "121_PolyStyrene-Butadiene-Styrene": {
      "mean_bleu_4": 0.12921985853690815,
      "count": 4
    },
    "122_Polystyrene": {
      "mean_bleu_4": 0.07212465798001441,
      "count": 4
    },
    "123_Polytetrafluoroethylene": {
      "mean_bleu_4": 0.13328322118849573,
      "count": 4
    },
    "124_Polyurethane": {
      "mean_bleu_4": 0.025424539542399708,
      "count": 4
    },
    "125_Polyvinyl_Chloride": {
      "mean_bleu_4": 0.05540014149173578,
      "count": 4
    },
    "126_Potassium_Bicarbonate": {
      "mean_bleu_4": 0.06648565181651349,
      "count": 4
    },
    "127_Potassium_Bisulfate": {
      "mean_bleu_4": 0.14010137304757275,
      "count": 4
    },
    "128_Potassium_Bitartrate": {
      "mean_bleu_4": 0.06252556328134645,
      "count": 4
    },
    "129_Potassium_Carbonate": {
      "mean_bleu_4": 0.07340800488793238,
      "count": 4
    },
    "12_Aluminum_Potassium_Sulfate": {
      "mean_bleu_4": 0.09291686625973321,
      "count": 4
    },
    "130_Potassium_Chloride": {
      "mean_bleu_4": 0.04361473369511732,
      "count": 4
    },
    "131_Potassium_Fluoride": {
      "mean_bleu_4": 0.07466271925619791,
      "count": 4
    },
    "132_Potassium_Hydroxide": {
      "mean_bleu_4": 0.10243151014910966,
      "count": 4
    },
    "133_Potassium_Iodide": {
      "mean_bleu_4": 0.10200696511839867,
      "count": 4
    },
    "134_Potassium_Nitrate": {
      "mean_bleu_4": 0.14135754163666242,
      "count": 4
    },
    "135_Potassium_Sulfate": {
      "mean_bleu_4": 0.05395209286425155,
      "count": 4
    },
    "136_Propane": {
      "mean_bleu_4": 0.052026670829479434,
      "count": 4
    },
    "137_Propylene": {
      "mean_bleu_4": 0.20925741545287727,
      "count": 4
    },
    "138_Pyridoxine": {
      "mean_bleu_4": 0.05907990365549934,
      "count": 4
    },
    "139_Retinol": {
      "mean_bleu_4": 0.05685592197618737,
      "count": 4
    },
    "13_Ammonia": {
      "mean_bleu_4": 0.16136735403767544,
      "count": 4
    },
    "140_Riboflavin": {
      "mean_bleu_4": 0.06938891762895308,
      "count": 4
    },
    "141_Saccharin": {
      "mean_bleu_4": 0.2221455391406125,
      "count": 4
    },
    "142_Silicon_Dioxide": {
      "mean_bleu_4": 0.16737991248458037,
      "count": 4
    },
    "143_Silver_Iodide": {
      "mean_bleu_4": 0.09389493149276554,
      "count": 4
    },
    "144_Silver_Nitrate": {
      "mean_bleu_4": 0.06830203849052766,
      "count": 4
    },
    "145_SilverI_Oxide": {
      "mean_bleu_4": 0.09173267556721644,
      "count": 4
    },
    "146_SilverI_Sulfide": {
      "mean_bleu_4": 0.12029394414822348,
      "count": 4
    },
    "147_Sodium_Acetate": {
      "mean_bleu_4": 0.08564666581160307,
      "count": 4
    },
    "148_Sodium_Bicarbonate": {
      "mean_bleu_4": 0.11988441003324231,
      "count": 4
    },
    "149_Sodium_Carbonate": {
      "mean_bleu_4": 0.07172394472973417,
      "count": 4
    },
    "14_Ammonium_Chloride": {
      "mean_bleu_4": 0.0950948218147077,
      "count": 4
    },
    "150_Sodium_Chloride": {
      "mean_bleu_4": 0.06515937268705851,
      "count": 4
    },
    "151_Sodium_Cyclamate": {
      "mean_bleu_4": 0.07209542753242626,
      "count": 4
    },
    "152_Sodium_Fluoride": {
      "mean_bleu_4": 0.09535051412568296,
      "count": 4
    },
    "153_Sodium_Hydroxide": {
      "mean_bleu_4": 0.1904002917573369,
      "count": 4
    },
    "154_Sodium_Hypochlorite": {
      "mean_bleu_4": 0.15006046795886466,
      "count": 4
    },
    "155_Sodium_Perborate": {
      "mean_bleu_4": 0.09469341296025884,
      "count": 4
    },
    "156_Sodium_Phosphate": {
      "mean_bleu_4": 0.09854330171295889,
      "count": 4
    },
    "157_Sodium_Polyacrylate": {
      "mean_bleu_4": 0.037772921390138,
      "count": 4
    },
    "158_Sodium_Silicate": {
      "mean_bleu_4": 0.0883642546297772,
      "count": 4
    },
    "159_Sodium_Sulfite": {
      "mean_bleu_4": 0.07491879550510443,
      "count": 4
    },
    "15_Ammonium_Hydroxide": {
      "mean_bleu_4": 0.07040443802771268,
      "count": 4
    },
    "160_Sodium_Tetraborate": {
      "mean_bleu_4": 0.05342108310863325,
      "count": 4
    },