{
  "overall": {
    "precision": {
      "mean": 0.5038576911130314,
      "median": 0.4637463539838791,
      "std": 0.19843490050169912,
      "min": -0.39191898703575134,
      "max": 1.000000238418579,
      "count": 712
    },
    "recall": {
      "mean": 0.3149927215927982,
      "median": 0.24123673141002655,
      "std": 0.249939819027373,
      "min": -0.45331573486328125,
      "max": 1.000000238418579,
      "count": 712
    },
    "f1": {
      "mean": 0.4021872985556073,
      "median": 0.33975352346897125,
      "std": 0.21906942868636572,
      "min": -0.2881845533847809,
      "max": 1.000000238418579,
      "count": 712
    }
  },
  "per_question_type": {
    "Q1": {
      "count": 178,
      "mean_precision": 0.4733041613624337,
      "mean_recall": 0.19370010056470133,
      "mean_f1": 0.32009024609905784,
      "median_f1": 0.31723780930042267,
      "std_f1": 0.09635942447301026
    },
    "Q2": {
      "count": 178,
      "mean_precision": 0.7363749599879544,
      "mean_recall": 0.6256922706647703,
      "mean_f1": 0.6777244539973274,
      "median_f1": 0.7198579609394073,
      "std_f1": 0.22672848077176092
    },
    "Q3": {
      "count": 178,
      "mean_precision": 0.41721372728058126,
      "mean_recall": 0.2453980174103982,
      "mean_f1": 0.3253242702882611,
      "median_f1": 0.30434659123420715,
      "std_f1": 0.14332491656401056
    },
    "Q4": {
      "count": 178,
      "mean_precision": 0.3885379158211558,
      "mean_recall": 0.19518049773132282,
      "mean_f1": 0.28561022383778284,
      "median_f1": 0.2858133614063263,
      "std_f1": 0.09386234571424729
    }
  },
  "per_compound": {
    "100_Nicotine": {
      "mean_f1": 0.340258851647377,
      "count": 4
    },
    "101_Nitric_Acid": {
      "mean_f1": 0.46688154339790344,
      "count": 4
    },
    "102_Nitric_Oxide": {
      "mean_f1": 0.3909570015966892,
      "count": 4
    },
    "103_Nitrogen_Dioxide": {
      "mean_f1": 0.46263064816594124,
      "count": 4
    },
    "104_Nitroglycerin": {
      "mean_f1": 0.3919323794543743,
      "count": 4
    },
    "105_Nitrous_Oxide": {
      "mean_f1": 0.4010647237300873,
      "count": 4
    },
    "106_NN-Diethyl-3-Methylbenzamide": {
      "mean_f1": 0.4939700737595558,
      "count": 4
    },
    "107_Nylon_6_and_Nylon_66": {
      "mean_f1": 0.27318349853157997,
      "count": 4
    },
    "108_Oxalic_Acid": {
      "mean_f1": 0.48051317781209946,
      "count": 4
    },
    "109_Pectin": {
      "mean_f1": 0.31701768934726715,
      "count": 4
    },
    "10_Aluminum_Hydroxide": {
      "mean_f1": 0.43145652115345,
      "count": 4
    },
    "110_Penicillin": {
      "mean_f1": 0.2884872257709503,
      "count": 4
    },
    "111_Perchlorates": {
      "mean_f1": 0.350738525390625,
      "count": 4
    },
    "112_Petrolatum": {
      "mean_f1": 0.2633976861834526,
      "count": 4
    },
    "113_Petroleum": {
      "mean_f1": 0.3407054468989372,
      "count": 4
    },
    "114_Phenol": {
      "mean_f1": 0.3875627927482128,
      "count": 4
    },
    "115_Phosphoric_Acid": {
      "mean_f1": 0.3618849590420723,
      "count": 4
    },
    "116_Polycarbonates": {
      "mean_f1": 0.4607933387160301,
      "count": 4
    },
    "117_Polyethylene": {
      "mean_f1": 0.36086829379200935,
      "count": 4
    },
    "118_Polymethyl_Methacrylate": {
      "mean_f1": 0.40638308599591255,
      "count": 4
    },
    "119_Polypropylene": {
      "mean_f1": 0.3475579805672169,
      "count": 4
    },
    "11_Aluminum_Oxide": {
      "mean_f1": 0.3760472983121872,
      "count": 4
    },
    "120_Polysiloxane": {
      "mean_f1": 0.3779365345835686,
      "count": 4
    },
    "121_PolyStyrene-Butadiene-Styrene": {
      "mean_f1": 0.40225495398044586,
      "count": 4
    },
    "122_Polystyrene": {
      "mean_f1": 0.2729342207312584,
      "count": 4
    },
    "123_Polytetrafluoroethylene": {
      "mean_f1": 0.3748675733804703,
      "count": 4
    },
    "124_Polyurethane": {
      "mean_f1": 0.35505160316824913,
      "count": 4
    },
    "125_Polyvinyl_Chloride": {
      "mean_f1": 0.4421345070004463,
      "count": 4
    },
    "126_Potassium_Bicarbonate": {
      "mean_f1": 0.25095110014081,
      "count": 4
    },
    "127_Potassium_Bisulfate": {
      "mean_f1": 0.4275529943406582,
      "count": 4
    },
    "128_Potassium_Bitartrate": {
      "mean_f1": 0.4538460597395897,
      "count": 4
    },
    "129_Potassium_Carbonate": {
      "mean_f1": 0.3997395746409893,
      "count": 4
    },
    "12_Aluminum_Potassium_Sulfate": {
      "mean_f1": 0.4216761887073517,
      "count": 4
    },
    "130_Potassium_Chloride": {
      "mean_f1": 0.5266962870955467,
      "count": 4
    },
    "131_Potassium_Fluoride": {
      "mean_f1": 0.43596576899290085,
      "count": 4
    },
    "132_Potassium_Hydroxide": {
      "mean_f1": 0.46226148679852486,
      "count": 4
    },
    "133_Potassium_Iodide": {
      "mean_f1": 0.39348674565553665,
      "count": 4
    },
    "134_Potassium_Nitrate": {
      "mean_f1": 0.3911895714700222,
      "count": 4
    },
    "135_Potassium_Sulfate": {
      "mean_f1": 0.5786497443914413,
      "count": 4
    },
    "136_Propane": {
      "mean_f1": 0.4605049453675747,
      "count": 4
    },
    "137_Propylene": {
      "mean_f1": 0.33729156479239464,
      "count": 4
    },
    "138_Pyridoxine": {
      "mean_f1": 0.37763506174087524,
      "count": 4
    },
    "139_Retinol": {
      "mean_f1": 0.424288809299469,
      "count": 4
    },
    "13_Ammonia": {
      "mean_f1": 0.4853307753801346,
      "count": 4
    },
    "140_Riboflavin": {
      "mean_f1": 0.48019738495349884,
      "count": 4
    },
    "141_Saccharin": {
      "mean_f1": 0.3786594346165657,
      "count": 4
    },
    "142_Silicon_Dioxide": {
      "mean_f1": 0.44452235102653503,
      "count": 4
    },
    "143_Silver_Iodide": {
      "mean_f1": 0.4106931611895561,
      "count": 4
    },
    "144_Silver_Nitrate": {
      "mean_f1": 0.3777076341211796,
      "count": 4
    },
    "145_SilverI_Oxide": {
      "mean_f1": 0.393716711550951,
      "count": 4
    },
    "146_SilverI_Sulfide": {
      "mean_f1": 0.43057435005903244,
      "count": 4
    },
    "147_Sodium_Acetate": {
      "mean_f1": 0.4771640673279762,
      "count": 4
    },
    "148_Sodium_Bicarbonate": {
      "mean_f1": 0.38876861333847046,
      "count": 4
    },
    "149_Sodium_Carbonate": {
      "mean_f1": 0.4532141014933586,
      "count": 4
    },
    "14_Ammonium_Chloride": {
      "mean_f1": 0.4565074108541012,
      "count": 4
    },
    "150_Sodium_Chloride": {
      "mean_f1": 0.32304084673523903,
      "count": 4
    },
    "151_Sodium_Cyclamate": {
      "mean_f1": 0.4580848142504692,
      "count": 4
    },
    "152_Sodium_Fluoride": {
      "mean_f1": 0.24906711839139462,
      "count": 4
    },
    "153_Sodium_Hydroxide": {
      "mean_f1": 0.37947389483451843,
      "count": 4
    },
    "154_Sodium_Hypochlorite": {
      "mean_f1": 0.4055578298866749,
      "count": 4
    },
    "155_Sodium_Perborate": {
      "mean_f1": 0.3354581855237484,
      "count": 4
    },
    "156_Sodium_Phosphate": {
      "mean_f1": 0.3802188038825989,
      "count": 4
    },
    "157_Sodium_Polyacrylate": {
      "mean_f1": 0.2602533921599388,
      "count": 4
    },
    "158_Sodium_Silicate": {
      "mean_f1": 0.3221367634832859,
      "count": 4
    },
    "159_Sodium_Sulfite": {
      "mean_f1": 0.3802883103489876,
      "count": 4
    },
    "15_Ammonium_Hydroxide": {
      "mean_f1": 0.4171103499829769,
      "count": 4
    },
    "160_Sodium_Tetraborate": {
      "mean_f1": 0.3787185847759247,
      "count": 4
    },
    "161_Sodium_Thiosulfate": {
      "mean_f1": 0.4122958816587925,
      "count": 4
    },
    "162_Stannous_Fluoride": {
      "mean_f1": 0.4719572141766548,
      "count": 4
    },
    "163_Styrene": {
      "mean_f1": 0.41742774099111557,
      "count": 4
    },