{
  "overall": {
    "bleu_1": {
      "mean": 0.21747038854411466,
      "median": 0.20885861698650604,
      "std": 0.11665701252025408,
      "min": 0.03529411764705883,
      "max": 0.6296296296296297,
      "count": 712
    },
    "bleu_2": {
      "mean": 0.14463662925417672,
      "median": 0.13197341316684547,
      "std": 0.08703762667400902,
      "min": 0.02019810502188747,
      "max": 0.5161218522614271,
      "count": 712
    },
    "bleu_3": {
      "mean": 0.10183692687360844,
      "median": 0.08585842267903063,
      "std": 0.07147669052419796,
      "min": 0.007804885525686669,
      "max": 0.43850172567158835,
      "count": 712
    },
    "bleu_4": {
      "mean": 0.0697953074426986,
      "median": 0.05344532425532601,
      "std": 0.059894411793698775,
      "min": 0.0030700644248261456,
      "max": 0.3955299591931016,
      "count": 712
    }
  },
  "per_question_type": {
    "Q1": {
      "count": 178,
      "mean_bleu_4": 0.11831195103766577,
      "median_bleu_4": 0.10376393594486905,
      "std_bleu_4": 0.06857576730251455
    },
    "Q2": {
      "count": 178,
      "mean_bleu_4": 0.05842292222390936,
      "median_bleu_4": 0.033718573237557996,
      "std_bleu_4": 0.06639912223729733
    },
    "Q3": {
      "count": 178,
      "mean_bleu_4": 0.0512513712042996,
      "median_bleu_4": 0.04682910537603274,
      "std_bleu_4": 0.03350560700718418
    },
    "Q4": {
      "count": 178,
      "mean_bleu_4": 0.05119498530491966,
      "median_bleu_4": 0.04930625764085257,
      "std_bleu_4": 0.03138610244408378
    }
  },
  "per_compound": {
    "100_Nicotine": {
      "mean_bleu_4": 0.07881656356395128,
      "count": 4
    },
    "101_Nitric_Acid": {
      "mean_bleu_4": 0.13438145347147545,
      "count": 4
    },
    "102_Nitric_Oxide": {
      "mean_bleu_4": 0.07060453540304211,
      "count": 4
    },
    "103_Nitrogen_Dioxide": {
      "mean_bleu_4": 0.06601065645725743,
      "count": 4
    },
    "104_Nitroglycerin": {
      "mean_bleu_4": 0.044262666099699775,
      "count": 4
    },
    "105_Nitrous_Oxide": {
      "mean_bleu_4": 0.0720972426915442,
      "count": 4
    },
    "106_NN-Diethyl-3-Methylbenzamide": {
      "mean_bleu_4": 0.0556887174028033,
      "count": 4
    },
    "107_Nylon_6_and_Nylon_66": {
      "mean_bleu_4": 0.05554256182682117,
      "count": 4
    },
    "108_Oxalic_Acid": {
      "mean_bleu_4": 0.09266475461933571,
      "count": 4
    },
    "109_Pectin": {
      "mean_bleu_4": 0.08500164245147263,
      "count": 4
    },
    "10_Aluminum_Hydroxide": {
      "mean_bleu_4": 0.06919619523196038,
      "count": 4
    },
    "110_Penicillin": {
      "mean_bleu_4": 0.022885281577844793,
      "count": 4
    },
    "111_Perchlorates": {
      "mean_bleu_4": 0.04914914160812827,
      "count": 4
    },
    "112_Petrolatum": {
      "mean_bleu_4": 0.04507612824888621,
      "count": 4
    },
    "113_Petroleum": {
      "mean_bleu_4": 0.05909604273547736,
      "count": 4
    },
    "114_Phenol": {
      "mean_bleu_4": 0.031094820621139208,
      "count": 4
    },
    "115_Phosphoric_Acid": {
      "mean_bleu_4": 0.05580123142103925,
      "count": 4
    },
    "116_Polycarbonates": {
      "mean_bleu_4": 0.05094827624700843,
      "count": 4
    },
    "117_Polyethylene": {
      "mean_bleu_4": 0.05584754953420895,
      "count": 4
    },
    "118_Polymethyl_Methacrylate": {
      "mean_bleu_4": 0.06892848969703189,
      "count": 4
    },
    "119_Polypropylene": {
      "mean_bleu_4": 0.10045386090309015,
      "count": 4
    },
    "11_Aluminum_Oxide": {
      "mean_bleu_4": 0.08636611720777038,
      "count": 4
    },
    "120_Polysiloxane": {
      "mean_bleu_4": 0.06274087398878261,
      "count": 4
    },
    "121_PolyStyrene-Butadiene-Styrene": {
      "mean_bleu_4": 0.11506259964723739,
      "count": 4
    },
    "122_Polystyrene": {
      "mean_bleu_4": 0.054601152445719364,
      "count": 4
    },
    "123_Polytetrafluoroethylene": {
      "mean_bleu_4": 0.09302890177537378,
      "count": 4
    },
    "124_Polyurethane": {
      "mean_bleu_4": 0.04686420334231307,
      "count": 4
    },
    "125_Polyvinyl_Chloride": {
      "mean_bleu_4": 0.04191484355748736,
      "count": 4
    },
    "126_Potassium_Bicarbonate": {
      "mean_bleu_4": 0.0980585148261081,
      "count": 4
    },
    "127_Potassium_Bisulfate": {
      "mean_bleu_4": 0.06580539258297992,
      "count": 4
    },
    "128_Potassium_Bitartrate": {
      "mean_bleu_4": 0.050256216947738824,
      "count": 4
    },
    "129_Potassium_Carbonate": {
      "mean_bleu_4": 0.10209503189793348,
      "count": 4
    },
    "12_Aluminum_Potassium_Sulfate": {
      "mean_bleu_4": 0.0792162311814536,
      "count": 4
    },
    "130_Potassium_Chloride": {
      "mean_bleu_4": 0.07077711899956335,
      "count": 4
    },
    "131_Potassium_Fluoride": {
      "mean_bleu_4": 0.057658491821666234,
      "count": 4
    },
    "132_Potassium_Hydroxide": {
      "mean_bleu_4": 0.08921910422783096,
      "count": 4
    },
    "133_Potassium_Iodide": {
      "mean_bleu_4": 0.06263002063495712,
      "count": 4
    },
    "134_Potassium_Nitrate": {
      "mean_bleu_4": 0.09454076658989252,
      "count": 4
    },
    "135_Potassium_Sulfate": {
      "mean_bleu_4": 0.05375237153653224,
      "count": 4
    },
    "136_Propane": {
      "mean_bleu_4": 0.04183472695148038,
      "count": 4
    },
    "137_Propylene": {
      "mean_bleu_4": 0.1710360838165678,
      "count": 4
    },
    "138_Pyridoxine": {
      "mean_bleu_4": 0.07196259542436168,
      "count": 4
    },
    "139_Retinol": {
      "mean_bleu_4": 0.04059788084215071,
      "count": 4
    },
    "13_Ammonia": {
      "mean_bleu_4": 0.1134684814569773,
      "count": 4
    },
    "140_Riboflavin": {
      "mean_bleu_4": 0.07607445979424618,
      "count": 4
    },
    "141_Saccharin": {
      "mean_bleu_4": 0.09487458372757135,
      "count": 4
    },
    "142_Silicon_Dioxide": {
      "mean_bleu_4": 0.13111798305899441,
      "count": 4
    },
    "143_Silver_Iodide": {
      "mean_bleu_4": 0.06709881765526449,
      "count": 4
    },
    "144_Silver_Nitrate": {
      "mean_bleu_4": 0.03545583230755564,
      "count": 4
    },
    "145_SilverI_Oxide": {
      "mean_bleu_4": 0.07506610146364157,
      "count": 4
    },
    "146_SilverI_Sulfide": {
      "mean_bleu_4": 0.07285101107855327,
      "count": 4
    },
    "147_Sodium_Acetate": {
      "mean_bleu_4": 0.04975676297354975,
      "count": 4
    },
    "148_Sodium_Bicarbonate": {
      "mean_bleu_4": 0.12223905582003812,
      "count": 4
    },
    "149_Sodium_Carbonate": {
      "mean_bleu_4": 0.04564608852538753,
      "count": 4
    },
    "14_Ammonium_Chloride": {
      "mean_bleu_4": 0.0521769175654756,
      "count": 4
    },
    "150_Sodium_Chloride": {
      "mean_bleu_4": 0.05703711617893071,
      "count": 4
    },
    "151_Sodium_Cyclamate": {
      "mean_bleu_4": 0.08821627631462578,
      "count": 4
    },
    "152_Sodium_Fluoride": {
      "mean_bleu_4": 0.0767822361453661,
      "count": 4
    },
    "153_Sodium_Hydroxide": {
      "mean_bleu_4": 0.13705195239292015,
      "count": 4
    },
    "154_Sodium_Hypochlorite": {
      "mean_bleu_4": 0.10967558037216152,
      "count": 4
    },
    "155_Sodium_Perborate": {
      "mean_bleu_4": 0.07647312383478015,
      "count": 4
    },
    "156_Sodium_Phosphate": {
      "mean_bleu_4": 0.07161351142531809,
      "count": 4
    },
    "157_Sodium_Polyacrylate": {
      "mean_bleu_4": 0.019064951518559536,
      "count": 4
    },
    "158_Sodium_Silicate": {
      "mean_bleu_4": 0.05352343316808049,
      "count": 4
    },
    "159_Sodium_Sulfite": {
      "mean_bleu_4": 0.06600112461472644,
      "count": 4
    },
    "15_Ammonium_Hydroxide": {
      "mean_bleu_4": 0.050655162333592116,
      "count": 4
    },
    "160_Sodium_Tetraborate": {
      "mean_bleu_4": 0.07072436775643126,
      "count": 4
    },