{
  "overall": {
    "precision": {
      "mean": 0.05480950261069543,
      "median": 0.07204420119524002,
      "std": 0.19139737399102164,
      "min": -0.41502946615219116,
      "max": 0.7484117746353149,
      "count": 712
    },
    "recall": {
      "mean": 0.3377458745734034,
      "median": 0.3140617907047272,
      "std": 0.12998901293553106,
      "min": 0.030715378001332283,
      "max": 0.8701083064079285,
      "count": 712
    },
    "f1": {
      "mean": 0.17832769948127156,
      "median": 0.1832311823964119,
      "std": 0.15818781275887933,
      "min": -0.2082662433385849,
      "max": 0.8080552816390991,
      "count": 712
    }
  },
  "per_question_type": {
    "Q1": {
      "count": 178,
      "mean_precision": 0.21051735793838142,
      "mean_recall": 0.4541453042726838,
      "mean_f1": 0.32182672438787274,
      "median_f1": 0.3122422993183136,
      "std_f1": 0.10626770978608681
    },
    "Q2": {
      "count": 178,
      "mean_precision": -0.10407621823244707,
      "mean_recall": 0.33706652163789513,
      "mean_f1": 0.07502125591965748,
      "median_f1": 0.003879616968333721,
      "std_f1": 0.19209116600130002
    },
    "Q3": {
      "count": 178,
      "mean_precision": 0.034339133601667085,
      "mean_recall": 0.28542193298468765,
      "mean_f1": 0.1464071141927388,
      "median_f1": 0.16023259609937668,
      "std_f1": 0.11049375142921679
    },
    "Q4": {
      "count": 178,
      "mean_precision": 0.07845773713518028,
      "mean_recall": 0.27434973939834684,
      "mean_f1": 0.1700557034248172,
      "median_f1": 0.17342325299978256,
      "std_f1": 0.08707831009731519
    }
  },
  "per_compound": {
    "100_Nicotine": {
      "mean_f1": 0.23508436419069767,
      "count": 4
    },
    "101_Nitric_Acid": {
      "mean_f1": 0.26019061356782913,
      "count": 4
    },
    "102_Nitric_Oxide": {
      "mean_f1": 0.19211327354423702,
      "count": 4
    },
    "103_Nitrogen_Dioxide": {
      "mean_f1": 0.20389030780643225,
      "count": 4
    },
    "104_Nitroglycerin": {
      "mean_f1": 0.12763502914458513,
      "count": 4
    },
    "105_Nitrous_Oxide": {
      "mean_f1": 0.17670822888612747,
      "count": 4
    },
    "106_NN-Diethyl-3-Methylbenzamide": {
      "mean_f1": 0.12052000965923071,
      "count": 4
    },
    "107_Nylon_6_and_Nylon_66": {
      "mean_f1": 0.16133703850209713,
      "count": 4
    },
    "108_Oxalic_Acid": {
      "mean_f1": 0.1996563095599413,
      "count": 4
    },
    "109_Pectin": {
      "mean_f1": 0.2388502936810255,
      "count": 4
    },
    "10_Aluminum_Hydroxide": {
      "mean_f1": 0.15142922522500157,
      "count": 4
    },
    "110_Penicillin": {
      "mean_f1": 0.1236477829515934,
      "count": 4
    },
    "111_Perchlorates": {
      "mean_f1": 0.2526967264711857,
      "count": 4
    },
    "112_Petrolatum": {
      "mean_f1": 0.20643996447324753,
      "count": 4
    },
    "113_Petroleum": {
      "mean_f1": 0.2162743005901575,
      "count": 4
    },
    "114_Phenol": {
      "mean_f1": 0.07861768640577793,
      "count": 4
    },
    "115_Phosphoric_Acid": {
      "mean_f1": 0.12097723875194788,
      "count": 4
    },
    "116_Polycarbonates": {
      "mean_f1": 0.18577016703784466,
      "count": 4
    },
    "117_Polyethylene": {
      "mean_f1": 0.1551368354121223,
      "count": 4
    },
    "118_Polymethyl_Methacrylate": {
      "mean_f1": 0.21813210286200047,
      "count": 4
    },
    "119_Polypropylene": {
      "mean_f1": 0.2903872188180685,
      "count": 4
    },
    "11_Aluminum_Oxide": {
      "mean_f1": 0.19543029554188251,
      "count": 4
    },
    "120_Polysiloxane": {
      "mean_f1": 0.21345247328281403,
      "count": 4
    },
    "121_PolyStyrene-Butadiene-Styrene": {
      "mean_f1": 0.22037079511210322,
      "count": 4
    },
    "122_Polystyrene": {
      "mean_f1": 0.16366623155772686,
      "count": 4
    },
    "123_Polytetrafluoroethylene": {
      "mean_f1": 0.29715488478541374,
      "count": 4
    },
    "124_Polyurethane": {
      "mean_f1": 0.22826406173408031,
      "count": 4
    },
    "125_Polyvinyl_Chloride": {
      "mean_f1": 0.11727075558155775,
      "count": 4
    },
    "126_Potassium_Bicarbonate": {
      "mean_f1": 0.20609652809798717,
      "count": 4
    },
    "127_Potassium_Bisulfate": {
      "mean_f1": 0.16618416458368301,
      "count": 4
    },
    "128_Potassium_Bitartrate": {
      "mean_f1": 0.07896517030894756,
      "count": 4
    },
    "129_Potassium_Carbonate": {
      "mean_f1": 0.2312584538012743,
      "count": 4
    },
    "12_Aluminum_Potassium_Sulfate": {
      "mean_f1": 0.20422298833727837,
      "count": 4
    },
    "130_Potassium_Chloride": {
      "mean_f1": 0.12948766915360466,
      "count": 4
    },
    "131_Potassium_Fluoride": {
      "mean_f1": 0.15661871898919344,
      "count": 4
    },
    "132_Potassium_Hydroxide": {
      "mean_f1": 0.30444737523794174,
      "count": 4
    },
    "133_Potassium_Iodide": {
      "mean_f1": 0.1677057147026062,
      "count": 4
    },
    "134_Potassium_Nitrate": {
      "mean_f1": 0.18993646558374166,
      "count": 4
    },
    "135_Potassium_Sulfate": {
      "mean_f1": 0.08159053977578878,
      "count": 4
    },
    "136_Propane": {
      "mean_f1": 0.05459955264814198,
      "count": 4
    },
    "137_Propylene": {
      "mean_f1": 0.3896966315805912,
      "count": 4
    },
    "138_Pyridoxine": {
      "mean_f1": 0.156743835657835,
      "count": 4
    },
    "139_Retinol": {
      "mean_f1": 0.19138296321034431,
      "count": 4
    },
    "13_Ammonia": {
      "mean_f1": 0.34213826060295105,
      "count": 4
    },
    "140_Riboflavin": {
      "mean_f1": 0.30418860213831067,
      "count": 4
    },
    "141_Saccharin": {
      "mean_f1": 0.17647071136161685,
      "count": 4
    },
    "142_Silicon_Dioxide": {
      "mean_f1": 0.3102522902190685,
      "count": 4
    },
    "143_Silver_Iodide": {
      "mean_f1": 0.1772276875562966,
      "count": 4
    },
    "144_Silver_Nitrate": {
      "mean_f1": 0.03714447282254696,
      "count": 4
    },
    "145_SilverI_Oxide": {
      "mean_f1": 0.13007467612624168,
      "count": 4
    },
    "146_SilverI_Sulfide": {
      "mean_f1": 0.14846454001963139,
      "count": 4
    },
    "147_Sodium_Acetate": {
      "mean_f1": 0.12171519175171852,
      "count": 4
    },
    "148_Sodium_Bicarbonate": {
      "mean_f1": 0.22305861627683043,
      "count": 4
    },
    "149_Sodium_Carbonate": {
      "mean_f1": 0.11669441068079323,
      "count": 4
    },
    "14_Ammonium_Chloride": {
      "mean_f1": 0.14862009044736624,
      "count": 4
    },
    "150_Sodium_Chloride": {
      "mean_f1": 0.1703691314905882,
      "count": 4
    },
    "151_Sodium_Cyclamate": {
      "mean_f1": 0.11519967578351498,
      "count": 4
    },
    "152_Sodium_Fluoride": {
      "mean_f1": 0.10747879859991372,
      "count": 4
    },
    "153_Sodium_Hydroxide": {
      "mean_f1": 0.29099895898252726,
      "count": 4
    },
    "154_Sodium_Hypochlorite": {
      "mean_f1": 0.22731003910303116,
      "count": 4
    },
    "155_Sodium_Perborate": {
      "mean_f1": 0.11823846213519573,
      "count": 4
    },
    "156_Sodium_Phosphate": {
      "mean_f1": 0.15655349008738995,
      "count": 4
    },
    "157_Sodium_Polyacrylate": {
      "mean_f1": 0.07428169064223766,
      "count": 4
    },
    "158_Sodium_Silicate": {
      "mean_f1": 0.18341482989490032,
      "count": 4
    },
    "159_Sodium_Sulfite": {
      "mean_f1": 0.16061637736856937,
      "count": 4
    },
    "15_Ammonium_Hydroxide": {
      "mean_f1": 0.1251120250672102,
      "count": 4
    },
    "160_Sodium_Tetraborate": {
      "mean_f1": 0.15076986141502857,
      "count": 4
    },
    "161_Sodium_Thiosulfate": {
      "mean_f1": 0.1428529703989625,
      "count": 4
    },
    "162_Stannous_Fluoride": {
      "mean_f1": 0.16421493887901306,
      "count": 4
    },
    "163_Styrene": {
      "mean_f1": 0.11325083207339048,