{
  "overall": {
    "bleu_1": {
      "mean": 0.18272518414294925,
      "median": 0.18770177904891172,
      "std": 0.09989719913397298,
      "min": 0.022172949002217293,
      "max": 0.5294117647058824,
      "count": 712
    },
    "bleu_2": {
      "mean": 0.11726652932466242,
      "median": 0.1138680138638217,
      "std": 0.0665365719199565,
      "min": 0.007019488585711019,
      "max": 0.3919748808200126,
      "count": 712
    },
    "bleu_3": {
      "mean": 0.07982234849500437,
      "median": 0.07093732115206419,
      "std": 0.050319810485496816,
      "min": 0.002362219874414231,
      "max": 0.31973283656916457,
      "count": 712
    },
    "bleu_4": {
      "mean": 0.053223149688175174,
      "median": 0.043723708294333384,
      "std": 0.039808493439384,
      "min": 0.0012510413007488586,
      "max": 0.25440060383481433,
      "count": 712
    }
  },
  "per_question_type": {
    "Q1": {
      "count": 178,
      "mean_bleu_4": 0.08722970806996101,
      "median_bleu_4": 0.07870488994110983,
      "std_bleu_4": 0.04787032354594797
    },
    "Q2": {
      "count": 178,
      "mean_bleu_4": 0.026655321293087297,
      "median_bleu_4": 0.021813453815653795,
      "std_bleu_4": 0.01968611808031845
    },
    "Q3": {
      "count": 178,
      "mean_bleu_4": 0.046460330607294945,
      "median_bleu_4": 0.042840040105893845,
      "std_bleu_4": 0.028170271206646433
    },
    "Q4": {
      "count": 178,
      "mean_bleu_4": 0.052547238782357446,
      "median_bleu_4": 0.04752773146767807,
      "std_bleu_4": 0.031205422275516325
    }
  },
  "per_compound": {
    "100_Nicotine": {
      "mean_bleu_4": 0.06287919612815585,
      "count": 4
    },
    "101_Nitric_Acid": {
      "mean_bleu_4": 0.06804270524142138,
      "count": 4
    },
    "102_Nitric_Oxide": {
      "mean_bleu_4": 0.07783742902722371,
      "count": 4
    },
    "103_Nitrogen_Dioxide": {
      "mean_bleu_4": 0.09153137683316492,
      "count": 4
    },
    "104_Nitroglycerin": {
      "mean_bleu_4": 0.03047523047745664,
      "count": 4
    },
    "105_Nitrous_Oxide": {
      "mean_bleu_4": 0.041603701441156014,
      "count": 4
    },
    "106_NN-Diethyl-3-Methylbenzamide": {
      "mean_bleu_4": 0.02247070746759147,
      "count": 4
    },
    "107_Nylon_6_and_Nylon_66": {
      "mean_bleu_4": 0.05331131686420745,
      "count": 4
    },
    "108_Oxalic_Acid": {
      "mean_bleu_4": 0.057585824415409756,
      "count": 4
    },
    "109_Pectin": {
      "mean_bleu_4": 0.062156477556754956,
      "count": 4
    },
    "10_Aluminum_Hydroxide": {
      "mean_bleu_4": 0.06052460674080701,
      "count": 4
    },
    "110_Penicillin": {
      "mean_bleu_4": 0.03807234258683157,
      "count": 4
    },
    "111_Perchlorates": {
      "mean_bleu_4": 0.05826544707264936,
      "count": 4
    },
    "112_Petrolatum": {
      "mean_bleu_4": 0.04432474871258362,
      "count": 4
    },
    "113_Petroleum": {
      "mean_bleu_4": 0.05703011034625549,
      "count": 4
    },
    "114_Phenol": {
      "mean_bleu_4": 0.05349678916358761,
      "count": 4
    },
    "115_Phosphoric_Acid": {
      "mean_bleu_4": 0.06036424776116944,
      "count": 4
    },
    "116_Polycarbonates": {
      "mean_bleu_4": 0.039676435471910354,
      "count": 4
    },
    "117_Polyethylene": {
      "mean_bleu_4": 0.047068169472475,
      "count": 4
    },
    "118_Polymethyl_Methacrylate": {
      "mean_bleu_4": 0.07515589408816467,
      "count": 4
    },
    "119_Polypropylene": {
      "mean_bleu_4": 0.07143606585799289,
      "count": 4
    },
    "11_Aluminum_Oxide": {
      "mean_bleu_4": 0.08361295349208886,
      "count": 4
    },
    "120_Polysiloxane": {
      "mean_bleu_4": 0.05097486913865032,
      "count": 4
    },
    "121_PolyStyrene-Butadiene-Styrene": {
      "mean_bleu_4": 0.08144031291355897,
      "count": 4
    },
    "122_Polystyrene": {
      "mean_bleu_4": 0.04805214710215409,
      "count": 4
    },
    "123_Polytetrafluoroethylene": {
      "mean_bleu_4": 0.07203255348430648,
      "count": 4
    },
    "124_Polyurethane": {
      "mean_bleu_4": 0.04421092272309104,
      "count": 4
    },
    "125_Polyvinyl_Chloride": {
      "mean_bleu_4": 0.03177090660492975,
      "count": 4
    },
    "126_Potassium_Bicarbonate": {
      "mean_bleu_4": 0.062389616788307845,
      "count": 4
    },
    "127_Potassium_Bisulfate": {
      "mean_bleu_4": 0.03867445328872016,
      "count": 4
    },
    "128_Potassium_Bitartrate": {
      "mean_bleu_4": 0.04426107020300735,
      "count": 4
    },
    "129_Potassium_Carbonate": {
      "mean_bleu_4": 0.05563467917148195,
      "count": 4
    },
    "12_Aluminum_Potassium_Sulfate": {
      "mean_bleu_4": 0.04727798714113533,
      "count": 4
    },
    "130_Potassium_Chloride": {
      "mean_bleu_4": 0.04246854832063465,
      "count": 4
    },
    "131_Potassium_Fluoride": {
      "mean_bleu_4": 0.06682334365693715,
      "count": 4
    },
    "132_Potassium_Hydroxide": {
      "mean_bleu_4": 0.09278546034643717,
      "count": 4
    },
    "133_Potassium_Iodide": {
      "mean_bleu_4": 0.0682336803504297,
      "count": 4
    },
    "134_Potassium_Nitrate": {
      "mean_bleu_4": 0.04648995933773805,
      "count": 4
    },
    "135_Potassium_Sulfate": {
      "mean_bleu_4": 0.04005157615712719,
      "count": 4
    },
    "136_Propane": {
      "mean_bleu_4": 0.040345586994819306,
      "count": 4
    },
    "137_Propylene": {
      "mean_bleu_4": 0.07968907951467094,
      "count": 4
    },
    "138_Pyridoxine": {
      "mean_bleu_4": 0.0312609088119365,
      "count": 4
    },
    "139_Retinol": {
      "mean_bleu_4": 0.043467038892311086,
      "count": 4
    },
    "13_Ammonia": {
      "mean_bleu_4": 0.07282948475184313,
      "count": 4
    },
    "140_Riboflavin": {
      "mean_bleu_4": 0.03150067118698302,
      "count": 4
    },
    "141_Saccharin": {
      "mean_bleu_4": 0.0441443514150877,
      "count": 4
    },
    "142_Silicon_Dioxide": {
      "mean_bleu_4": 0.047425732272015846,
      "count": 4
    },
    "143_Silver_Iodide": {
      "mean_bleu_4": 0.04762792279664545,
      "count": 4
    },
    "144_Silver_Nitrate": {
      "mean_bleu_4": 0.03513923234437794,
      "count": 4
    },
    "145_SilverI_Oxide": {
      "mean_bleu_4": 0.06513921759899263,
      "count": 4
    },
    "146_SilverI_Sulfide": {
      "mean_bleu_4": 0.06884206192001747,
      "count": 4
    },
    "147_Sodium_Acetate": {
      "mean_bleu_4": 0.04894865197158358,
      "count": 4
    },
    "148_Sodium_Bicarbonate": {
      "mean_bleu_4": 0.06885945104038332,
      "count": 4
    },
    "149_Sodium_Carbonate": {
      "mean_bleu_4": 0.06483063488175801,
      "count": 4
    },
    "14_Ammonium_Chloride": {
      "mean_bleu_4": 0.037677285399582164,
      "count": 4
    },
    "150_Sodium_Chloride": {
      "mean_bleu_4": 0.045170684235191036,
      "count": 4
    },
    "151_Sodium_Cyclamate": {
      "mean_bleu_4": 0.026144257138043157,
      "count": 4
    },
    "152_Sodium_Fluoride": {
      "mean_bleu_4": 0.07085535730732655,
      "count": 4
    },
    "153_Sodium_Hydroxide": {
      "mean_bleu_4": 0.078054717821195,
      "count": 4
    },
    "154_Sodium_Hypochlorite": {
      "mean_bleu_4": 0.04809739718434857,
      "count": 4
    },
    "155_Sodium_Perborate": {
      "mean_bleu_4": 0.0764715625942124,
      "count": 4
    },
    "156_Sodium_Phosphate": {
      "mean_bleu_4": 0.049810631291839186,
      "count": 4
    },
    "157_Sodium_Polyacrylate": {
      "mean_bleu_4": 0.025427442110078483,
      "count": 4
    },
    "158_Sodium_Silicate": {
      "mean_bleu_4": 0.04558955591951698,
      "count": 4
    },
    "159_Sodium_Sulfite": {
      "mean_bleu_4": 0.03458764583911619,
      "count": 4
    },
    "15_Ammonium_Hydroxide": {
      "mean_bleu_4": 0.04703573344436248,
      "count": 4
    },
    "160_Sodium_Tetraborate": {
      "mean_bleu_4": 0.041860090956727054,
      "count": 4
    },