{
  "overall": {
    "bleu_1": {
      "mean": 0.24691144761061593,
      "median": 0.18674116441684735,
      "std": 0.2209961047944204,
      "min": 3.196796937005915e-08,
      "max": 1.0,
      "count": 712
    },
    "bleu_2": {
      "mean": 0.17410815148896233,
      "median": 0.11043573362595924,
      "std": 0.18926972414612306,
      "min": 2.5834020482665904e-08,
      "max": 1.0,
      "count": 712
    },
    "bleu_3": {
      "mean": 0.12349315835945576,
      "median": 0.062239627936291855,
      "std": 0.16772117052580332,
      "min": 1.6090783304595425e-08,
      "max": 1.0,
      "count": 712
    },
    "bleu_4": {
      "mean": 0.09143143480625646,
      "median": 0.03530009576588944,
      "std": 0.15250227498633914,
      "min": 7.381917458883646e-09,
      "max": 1.0,
      "count": 712
    }
  },
  "per_question_type": {
    "Q1": {
      "count": 178,
      "mean_bleu_4": 0.031723836592039326,
      "median_bleu_4": 0.019391629500266468,
      "std_bleu_4": 0.03462142503693042
    },
    "Q2": {
      "count": 178,
      "mean_bleu_4": 0.2167747525228428,
      "median_bleu_4": 0.09740643010036634,
      "std_bleu_4": 0.24168414992549908
    },
    "Q3": {
      "count": 178,
      "mean_bleu_4": 0.07593593359661313,
      "median_bleu_4": 0.0493649330343869,
      "std_bleu_4": 0.09727820720904072
    },
    "Q4": {
      "count": 178,
      "mean_bleu_4": 0.04129121651353054,
      "median_bleu_4": 0.025181075639509238,
      "std_bleu_4": 0.04684527241037324
    }
  },
  "per_compound": {
    "100_Nicotine": {
      "mean_bleu_4": 0.09151545486551416,
      "count": 4
    },
    "101_Nitric_Acid": {
      "mean_bleu_4": 0.1227183906736341,
      "count": 4
    },
    "102_Nitric_Oxide": {
      "mean_bleu_4": 0.03583825971426408,
      "count": 4
    },
    "103_Nitrogen_Dioxide": {
      "mean_bleu_4": 0.16624723386739784,
      "count": 4
    },
    "104_Nitroglycerin": {
      "mean_bleu_4": 0.03647192336706213,
      "count": 4
    },
    "105_Nitrous_Oxide": {
      "mean_bleu_4": 0.02955865644148008,
      "count": 4
    },
    "106_NN-Diethyl-3-Methylbenzamide": {
      "mean_bleu_4": 0.16451560895043088,
      "count": 4
    },
    "107_Nylon_6_and_Nylon_66": {
      "mean_bleu_4": 0.023240145275558444,
      "count": 4
    },
    "108_Oxalic_Acid": {
      "mean_bleu_4": 0.15193560376343532,
      "count": 4
    },
    "109_Pectin": {
      "mean_bleu_4": 0.038106707162282705,
      "count": 4
    },
    "10_Aluminum_Hydroxide": {
      "mean_bleu_4": 0.08389347932668771,
      "count": 4
    },
    "110_Penicillin": {
      "mean_bleu_4": 0.03020797513366516,
      "count": 4
    },
    "111_Perchlorates": {
      "mean_bleu_4": 0.09490826489810651,
      "count": 4
    },
    "112_Petrolatum": {
      "mean_bleu_4": 0.027868123171800235,
      "count": 4
    },
    "113_Petroleum": {
      "mean_bleu_4": 0.028706415230890788,
      "count": 4
    },
    "114_Phenol": {
      "mean_bleu_4": 0.02693782283222921,
      "count": 4
    },
    "115_Phosphoric_Acid": {
      "mean_bleu_4": 0.022503861230648674,
      "count": 4
    },
    "116_Polycarbonates": {
      "mean_bleu_4": 0.03668448851204483,
      "count": 4
    },
    "117_Polyethylene": {
      "mean_bleu_4": 0.04727027002317405,
      "count": 4
    },
    "118_Polymethyl_Methacrylate": {
      "mean_bleu_4": 0.13704208148351738,
      "count": 4
    },
    "119_Polypropylene": {
      "mean_bleu_4": 0.014953126146910904,
      "count": 4
    },
    "11_Aluminum_Oxide": {
      "mean_bleu_4": 0.020821212228710577,
      "count": 4
    },
    "120_Polysiloxane": {
      "mean_bleu_4": 0.02447014969853145,
      "count": 4
    },
    "121_PolyStyrene-Butadiene-Styrene": {
      "mean_bleu_4": 0.0869450446733148,
      "count": 4
    },
    "122_Polystyrene": {
      "mean_bleu_4": 0.011103565501460437,
      "count": 4
    },
    "123_Polytetrafluoroethylene": {
      "mean_bleu_4": 0.09043079830557944,
      "count": 4
    },
    "124_Polyurethane": {
      "mean_bleu_4": 0.05407352145718577,
      "count": 4
    },
    "125_Polyvinyl_Chloride": {
      "mean_bleu_4": 0.19124729739116583,
      "count": 4
    },
    "126_Potassium_Bicarbonate": {
      "mean_bleu_4": 0.025764920482984562,
      "count": 4
    },
    "127_Potassium_Bisulfate": {
      "mean_bleu_4": 0.1285427233242785,
      "count": 4
    },
    "128_Potassium_Bitartrate": {
      "mean_bleu_4": 0.041748908763569764,
      "count": 4
    },
    "129_Potassium_Carbonate": {
      "mean_bleu_4": 0.174799405075617,
      "count": 4
    },
    "12_Aluminum_Potassium_Sulfate": {
      "mean_bleu_4": 0.04662065050805521,
      "count": 4
    },
    "130_Potassium_Chloride": {
      "mean_bleu_4": 0.20094790351488637,
      "count": 4
    },
    "131_Potassium_Fluoride": {
      "mean_bleu_4": 0.12271410385948539,
      "count": 4
    },
    "132_Potassium_Hydroxide": {
      "mean_bleu_4": 0.16667657376031889,
      "count": 4
    },
    "133_Potassium_Iodide": {
      "mean_bleu_4": 0.0823183471887971,
      "count": 4
    },
    "134_Potassium_Nitrate": {
      "mean_bleu_4": 0.16514476425494293,
      "count": 4
    },
    "135_Potassium_Sulfate": {
      "mean_bleu_4": 0.3590059798272491,
      "count": 4
    },
    "136_Propane": {
      "mean_bleu_4": 0.029625577524148922,
      "count": 4
    },
    "137_Propylene": {
      "mean_bleu_4": 0.11753001122242256,
      "count": 4
    },
    "138_Pyridoxine": {
      "mean_bleu_4": 0.03249771816305595,
      "count": 4
    },
    "139_Retinol": {
      "mean_bleu_4": 0.04776594326294947,
      "count": 4
    },
    "13_Ammonia": {
      "mean_bleu_4": 0.15579790946001873,
      "count": 4
    },
    "140_Riboflavin": {
      "mean_bleu_4": 0.1816652934188996,
      "count": 4
    },
    "141_Saccharin": {
      "mean_bleu_4": 0.09588660369506828,
      "count": 4
    },
    "142_Silicon_Dioxide": {
      "mean_bleu_4": 0.17681632362328525,
      "count": 4
    },
    "143_Silver_Iodide": {
      "mean_bleu_4": 0.057563155794917394,
      "count": 4
    },
    "144_Silver_Nitrate": {
      "mean_bleu_4": 0.04908280657784235,
      "count": 4
    },
    "145_SilverI_Oxide": {
      "mean_bleu_4": 0.09093950484299118,
      "count": 4
    },
    "146_SilverI_Sulfide": {
      "mean_bleu_4": 0.10113331375627035,
      "count": 4
    },
    "147_Sodium_Acetate": {
      "mean_bleu_4": 0.09976742240297615,
      "count": 4
    },
    "148_Sodium_Bicarbonate": {
      "mean_bleu_4": 0.056813172504383225,
      "count": 4
    },
    "149_Sodium_Carbonate": {
      "mean_bleu_4": 0.04472905781482851,
      "count": 4
    },
    "14_Ammonium_Chloride": {
      "mean_bleu_4": 0.32503349459336917,
      "count": 4
    },
    "150_Sodium_Chloride": {
      "mean_bleu_4": 0.019440836673779754,
      "count": 4
    },
    "151_Sodium_Cyclamate": {
      "mean_bleu_4": 0.11617638369734619,
      "count": 4
    },
    "152_Sodium_Fluoride": {
      "mean_bleu_4": 0.02179177946081362,
      "count": 4
    },
    "153_Sodium_Hydroxide": {
      "mean_bleu_4": 0.16377103537774684,
      "count": 4
    },
    "154_Sodium_Hypochlorite": {
      "mean_bleu_4": 0.04608511150027012,
      "count": 4
    },
    "155_Sodium_Perborate": {
      "mean_bleu_4": 0.03980137198349923,
      "count": 4
    },
    "156_Sodium_Phosphate": {
      "mean_bleu_4": 0.056382189243492274,
      "count": 4
    },
    "157_Sodium_Polyacrylate": {
      "mean_bleu_4": 0.019210206243171907,
      "count": 4
    },
    "158_Sodium_Silicate": {
      "mean_bleu_4": 0.017038217959290648,
      "count": 4
    },
    "159_Sodium_Sulfite": {
      "mean_bleu_4": 0.018009826619198963,
      "count": 4
    },
    "15_Ammonium_Hydroxide": {
      "mean_bleu_4": 0.15943351602856137,
      "count": 4
    },
    "160_Sodium_Tetraborate": {
      "mean_bleu_4": 0.020480648244937956,
      "count": 4
    },
    "161_Sodium_Thiosulfate": {
      "mean_bleu_4": 0.16527312055296725,